{"cameraMode":{"drawMode":0,"name":"Shaded","section":"Shading Mode"},"sceneLighting":false,"audioPlay":false,"sceneViewState":{"m_AlwaysRefresh":false,"showFog":true,"showSkybox":false,"showFlares":true,"showImageEffects":true,"showParticleSystems":true,"showVisualEffectGraphs":true,"m_FxEnabled":true},"in2DMode":false,"pivot":{"x":0.9900838732719421,"y":-4.797814846038818,"z":4.199828624725342},"rotation":{"x":0.25693559646606448,"y":0.25153860449790957,"z":-0.06943991035223007,"w":0.9305410385131836},"size":5.5365142822265629,"orthographic":false}