{"cameraMode":{"drawMode":0,"name":"Shaded","section":"Shading Mode"},"sceneLighting":false,"audioPlay":false,"sceneViewState":{"m_AlwaysRefresh":false,"showFog":true,"showSkybox":false,"showFlares":true,"showImageEffects":true,"showParticleSystems":true,"showVisualEffectGraphs":true,"m_FxEnabled":true},"in2DMode":false,"pivot":{"x":0.020000457763671876,"y":-2.155795097351074,"z":19.31999969482422},"rotation":{"x":-0.25132590532302859,"y":0.09476358443498612,"z":-0.02473543770611286,"w":-0.9629292488098145},"size":14.462671279907227,"orthographic":false}