{"cameraMode":{"drawMode":0,"name":"Shaded","section":"Shading Mode"},"sceneLighting":true,"audioPlay":false,"sceneViewState":{"showFog":true,"showMaterialUpdate":false,"showSkybox":true,"showFlares":true,"showImageEffects":true,"showParticleSystems":true},"in2DMode":false,"pivot":{"x":-14.938880920410157,"y":23.385440826416017,"z":19.572887420654298},"rotation":{"x":0.014040159061551094,"y":0.9837891459465027,"z":-0.08908849954605103,"w":0.1550305336713791},"size":10.0,"orthographic":false}