{"cameraMode":{"drawMode":0,"name":"Shaded","section":"Shading Mode"},"sceneLighting":false,"audioPlay":false,"sceneViewState":{"m_AlwaysRefresh":false,"showFog":true,"showSkybox":false,"showFlares":true,"showImageEffects":true,"showParticleSystems":true,"showVisualEffectGraphs":true,"m_FxEnabled":true},"in2DMode":false,"pivot":{"x":2.124570846557617,"y":-12.073062896728516,"z":85.03752136230469},"rotation":{"x":-0.40106430649757388,"y":0.07871389389038086,"z":-0.034618254750967029,"w":-0.9120034575462341},"size":21.430248260498048,"orthographic":false}