{"cameraMode":{"drawMode":0,"name":"Shaded","section":"Shading Mode"},"sceneLighting":false,"audioPlay":false,"sceneViewState":{"m_AlwaysRefresh":false,"showFog":true,"showSkybox":false,"showFlares":true,"showImageEffects":true,"showParticleSystems":true,"showVisualEffectGraphs":true,"m_FxEnabled":true},"in2DMode":false,"pivot":{"x":3.9525420665740969,"y":-0.025211364030838014,"z":26.650691986083986},"rotation":{"x":-0.08119423687458039,"y":0.0230177640914917,"z":-0.0018776679644361139,"w":-0.9964248538017273},"size":3.9342448711395265,"orthographic":false}